{
  "terminal": 0.07256225597662291,
  "path": 0.0,
  "ensemble": 0.0,
  "power_penalty": 0.49052936519703955,
  "neg_penalty": 484.80628852528594,
  "total": 485.3693801464596,
  "terminal_eval": 0.07256225597662291,
  "runtime_s": 30.367473299847916,
  "status": "max_iters",
  "objective": "terminal",
  "terminal_infidelity": 0.07256225597662291,
  "path_infidelity": 0.0,
  "ensemble_infidelity": 0.0
}