{
  "terminal": 6.310667749565013e-05,
  "path": 0.0,
  "ensemble": 0.0,
  "power_penalty": 0.051338812543842406,
  "neg_penalty": 9.609060207632543e-13,
  "total": 0.05140191922229896,
  "terminal_eval": 6.310667749565013e-05,
  "runtime_s": 24.536989099811763,
  "status": "max_iters",
  "objective": "terminal",
  "terminal_infidelity": 6.310667749565013e-05,
  "path_infidelity": 0.0,
  "ensemble_infidelity": 0.0
}