{
  "terminal": 4.794669243635141e-06,
  "path": 0.0,
  "ensemble": 0.0,
  "power_penalty": 0.00626736350695403,
  "neg_penalty": 9.60905998941596e-13,
  "total": 0.006272158177158571,
  "terminal_eval": 4.794669243635141e-06,
  "runtime_s": 25.412013499997556,
  "status": "max_iters",
  "objective": "terminal",
  "terminal_infidelity": 4.794669243635141e-06,
  "path_infidelity": 0.0,
  "ensemble_infidelity": 0.0
}