{
  "terminal": 0.015582253891923581,
  "path": 0.0,
  "ensemble": 0.0,
  "power_penalty": 0.05928699862876023,
  "neg_penalty": 207.84552899909653,
  "total": 207.9203982516172,
  "terminal_eval": 0.015582253891923581,
  "runtime_s": 29.90636449982412,
  "status": "max_iters",
  "objective": "terminal",
  "terminal_infidelity": 0.015582253891923581,
  "path_infidelity": 0.0,
  "ensemble_infidelity": 0.0
}