{
  "terminal": 0.15276412715307208,
  "path": 0.0,
  "ensemble": 0.0,
  "power_penalty": 0.15190198481719283,
  "neg_penalty": 173.12287462741386,
  "total": 173.42754073938414,
  "terminal_eval": 0.15276412715307208,
  "runtime_s": 26.659866200061515,
  "status": "max_iters",
  "objective": "terminal",
  "terminal_infidelity": 0.15276412715307208,
  "path_infidelity": 0.0,
  "ensemble_infidelity": 0.0
}