method,total_final,terminal_final,power_final,neg_final,iterations,runtime_s,oracle_calls,max_abs_omega,area_omega_over_pi,negativity_fraction
const,0.001920374920483812,6.202912850028497e-09,0.001815874251005687,0.00010449446656527507,250,14.681289199972525,250,46.59627423324877,1.0239071034932223,0.0
linesearch,0.0018715610986210945,6.02316392317448e-08,0.0017720760902276093,9.942477675425354e-05,250,26.479481199989095,500,46.450908848354274,1.0227311484667905,0.0
adam,0.00149257349766224,7.097583043513822e-08,0.0014308346381867543,6.166788364505062e-05,250,13.020982300164178,250,49.404289662050275,1.0121739972883983,0.0
