method,total_final,terminal_final,power_final,neg_final,iterations,runtime_s,oracle_calls,max_abs_omega,area_omega_over_pi,negativity_fraction
const,0.049702297843653306,0.002206728431165539,0.03127342738080023,2.2925922691433507e-05,2000,150.70066388099804,2000,194.6669085400783,4.12706377532549,0.0
linesearch,0.03563658164055832,0.0002410977513238599,0.02227117702971061,3.78388439287529e-05,2000,301.7428000990003,4000,144.51508916911834,2.8113805473564626,0.0
adam,0.03436282999584862,0.00020562699687731723,0.01737621546578506,7.112029362166044e-05,2000,152.5183578319993,2000,149.9342138634433,2.1407675170590514,0.0155
