method,total_final,terminal_final,power_final,neg_final,iterations,runtime_s,oracle_calls,max_abs_omega,area_omega_over_pi,negativity_fraction
const,0.001919006701194781,5.9252080242266914e-08,0.001814651746821077,0.00010429570229346171,400,14.591020665997348,400,46.59244249234885,1.023976522441494,0.0
linesearch,0.001842884432256288,5.882596543216323e-08,0.0017462144819303908,9.661112436046493e-05,400,29.947361100999842,800,46.40389061545685,1.0219198653726616,0.0
adam,0.0014395086602612115,5.181190088077159e-08,0.00138833669042138,5.1120157938950755e-05,400,15.625876232999872,400,53.58845033338883,1.006265802010462,0.0
