method,total_final,terminal_final,power_final,neg_final,iterations,runtime_s,oracle_calls,max_abs_omega,area_omega_over_pi,negativity_fraction
const,0.01816121159325511,0.00013036156259205178,0.018030850029702155,9.60906027417278e-13,866,43.06961330003105,866,46.3696251549042,1.016568618537155,0.0
linesearch,0.01889962469253943,0.0011942678720354705,0.017705356819543053,9.609060278190476e-13,2,0.19801739999093115,3,45.84398588308546,1.0008221623936266,0.0
adam,0.016915305497859152,4.37023945744075e-05,0.01687160310232384,9.609060090430086e-13,197,10.109829299966805,197,41.81328424224693,1.035479832111611,0.0
