method,total_final,terminal_final,power_final,neg_final,iterations,runtime_s,oracle_calls,max_abs_omega,area_omega_over_pi,negativity_fraction
const,0.017895136768965928,4.3273339714766657e-05,0.017851863428290256,9.609060272094325e-13,2000,98.162816000171,2000,46.36692402494582,1.0185674752443992,0.0
linesearch,0.018894764205896794,0.0011920648988530402,0.01770269930608285,9.609060278190476e-13,2,0.1886993998195976,3,45.84398588308546,1.0008221623936266,0.0
adam,0.011994729489815031,3.474625511434848e-05,0.011959983233739776,9.60906006827621e-13,231,11.664860799908638,231,41.1570882225057,0.9967032120759066,0.0
