method,total_final,terminal_final,power_final,neg_final,iterations,runtime_s,oracle_calls,max_abs_omega,area_omega_over_pi,negativity_fraction
const,2.3245283429613837,0.9954536114182565,1.3290733313064047,1.4002367225702562e-06,722,34.894288899959065,722,3.825001422443915,0.051520814927983875,0.19490254872563717
linesearch,11.910950224297325,0.1054555762987397,11.805494467997624,1.8000096090602785e-07,2,0.19461319991387427,3,36.861739000452175,0.7997071034815244,0.025487256371814093
adam,2.324421366769172,0.9954785837515133,1.3289413754166979,1.4076009609060262e-06,596,29.17638020007871,596,3.820742105376418,0.051430582980284856,0.19540229885057472
