method,total_final,terminal_final,power_final,neg_final,iterations,runtime_s,oracle_calls,max_abs_omega,area_omega_over_pi,negativity_fraction
const,0.012819875593255113,0.00013036156259205178,0.012689514029702155,9.60906027417278e-13,866,43.77569640008733,866,46.3696251549042,1.016568618537155,0.0
linesearch,0.01355828869253943,0.0011942678720354705,0.012364020819543053,9.609060278190476e-13,2,0.20268139999825507,3,45.84398588308546,1.0008221623936266,0.0
adam,0.011573969497859151,4.37023945744075e-05,0.011530267102323837,9.609060090430086e-13,197,9.925823299912736,197,41.81328424224693,1.035479832111611,0.0
