method,total_final,terminal_final,power_final,neg_final,iterations,runtime_s,oracle_calls,max_abs_omega,area_omega_over_pi,negativity_fraction
const,0.0012742569070123277,0.0012742569070123277,0.0,0.0,2,0.153854800038971,2,45.81679707768372,1.0000511782925132,0.0
linesearch,0.0012688409830677871,0.0012688409830677871,0.0,0.0,2,0.1894742000149563,3,45.81870129050069,1.0001023565850264,0.0
adam,2.8121669252145765e-06,2.8121669252145765e-06,0.0,0.0,16,0.8531003000680357,16,46.586933355275214,1.0242841528296225,0.0
