method,total_final,terminal_final,power_final,neg_final,iterations,runtime_s,oracle_calls,max_abs_omega,area_omega_over_pi,negativity_fraction
const,0.031322855309912856,4.40369959520126e-06,0.03129815492905845,2.0296681259203306e-05,2000,133.37979314499535,2000,192.23599583481396,4.225530412519137,0.0
linesearch,0.019705301154373172,2.8189424561286813e-07,0.01969141988552753,1.359937460002749e-05,2000,174.69178378296783,4000,148.29332934241643,3.187562523496968,0.0
adam,0.013904654783217495,1.2990868381024256e-09,0.013890405784330746,1.4247699799910866e-05,2000,84.85954571695765,2000,119.16716493531106,2.6544111300384348,0.0
