method,total_final,terminal_final,power_final,neg_final,iterations,runtime_s,oracle_calls,max_abs_omega,area_omega_over_pi,negativity_fraction
const,0.12994449257487195,0.00034740414339828884,0.12959708123051275,7.2009609060158805e-09,2000,99.70751910004765,2000,147.0888466924357,3.077169691465096,0.0009995002498750624
linesearch,1.1134237472500688,0.9105248556167217,0.20289889163238622,9.609060272605016e-13,2,0.18982870015315711,3,183.3744072932274,3.9980793893705515,0.0
adam,0.09375560824049615,0.00023192593442655784,0.09352368230510869,9.60905971212612e-13,2000,97.53108929982409,2000,119.25080857917406,2.8100134408695174,0.0
