method,total_final,terminal_final,power_final,neg_final,iterations,runtime_s,oracle_calls,max_abs_omega,area_omega_over_pi,negativity_fraction
const,0.05653460948150024,5.661525576305948e-05,0.05647799422477628,9.609060243169523e-13,2000,100.5822799000889,2000,135.77392408350332,2.9771396048732135,0.0
linesearch,0.04271015961687046,5.893929300559986e-05,0.04265122032290396,9.609059702999516e-13,2000,191.86886580009013,4000,100.68298318571854,2.6036665718761363,0.0
adam,0.005965205791880113,6.277572329183023e-06,0.005958928218590024,9.609060016894303e-13,588,29.575497300131246,588,41.98636790063033,0.9989296523230015,0.0
