method,total_final,terminal_final,power_final,neg_final,iterations,runtime_s,oracle_calls,max_abs_omega,area_omega_over_pi,negativity_fraction
const,0.001920374920483812,6.202912850028497e-09,0.001815874251005687,0.00010449446656527507,250,12.682609499897808,250,46.59627423324877,1.0239071034932223,0.0
linesearch,0.0018715610986210945,6.02316392317448e-08,0.0017720760902276093,9.942477675425354e-05,250,27.986758399987593,500,46.450908848354274,1.0227311484667905,0.0
adam,0.0014990341789552972,4.670488729097144e-08,0.001446128734670229,5.2858739397777246e-05,250,15.461884800111875,250,62.41613083896468,1.0026569874409412,0.0
