method,total_final,terminal_final,power_final,neg_final,iterations,runtime_s,oracle_calls,max_abs_omega,area_omega_over_pi,negativity_fraction
const,0.18296656658708363,0.0013555052460527683,0.18161106134006996,9.609059995687133e-13,6160,300.0568645999301,6160,113.27628616175525,2.847558514648022,0.0
linesearch,0.02191610191862684,0.000150439044671824,0.021765662872994113,9.609060139328702e-13,1520,152.53051689988934,3039,40.67763266449819,0.9922767067697054,0.0
adam,0.021907434122151764,0.0001518324025423512,0.021755601718648508,9.609060141546404e-13,355,17.995173400035128,355,40.43565456891369,0.9921986233567924,0.0
