method,total_final,terminal_final,power_final,neg_final,iterations,runtime_s,oracle_calls,max_abs_omega,area_omega_over_pi,negativity_fraction
const,0.01849755416463213,0.0006672695485935298,0.017830284615077695,9.60906027688786e-13,200,9.784597799996845,200,46.05077824600103,1.006736236699731,0.0
linesearch,0.018960679572327065,0.001271009905544629,0.01768966966582153,9.60906027834667e-13,2,0.18888920010067523,3,45.817802166688615,1.0000822162393628,0.0
adam,0.016915305497859152,4.37023945744075e-05,0.01687160310232384,9.609060090430086e-13,197,9.689381000003777,197,41.81328424224693,1.035479832111611,0.0
