method,total_final,terminal_final,power_final,neg_final,iterations,runtime_s,oracle_calls,max_abs_omega,area_omega_over_pi,negativity_fraction
const,0.05613485741466386,5.567735993050604e-05,0.05607918005377245,9.609060316869393e-13,5000,267.28151839994825,5000,139.11158623422887,2.9892317324416497,0.0004997501249375312
linesearch,0.02484080526987976,1.0296616344107612e-05,0.02483050865257475,9.609059934357308e-13,2841,300.07499510003254,5682,69.84029218837921,1.6763006514356729,0.0
adam,0.005509588950739619,6.0876480197924465e-06,0.005503501301758921,9.609060140387731e-13,1109,58.38340110005811,1109,40.835678302741655,0.9984754945144396,0.0
