{
  "terminal": 4.041462556725328e-06,
  "path": 0.0,
  "ensemble": 0.0,
  "power_penalty": 0.02750173939195545,
  "neg_penalty": 2.069920166249617e-05,
  "total": 0.02752648005617467,
  "terminal_eval": 4.041462556725328e-06,
  "runtime_s": 86.84409188199788,
  "status": "max_iters",
  "objective": "terminal",
  "terminal_infidelity": 4.041462556725328e-06,
  "path_infidelity": 0.0,
  "ensemble_infidelity": 0.0
}