{
  "terminal": 4.0327789954108795e-06,
  "path": 0.0,
  "ensemble": 0.0,
  "power_penalty": 0.027501215270853068,
  "neg_penalty": 2.129123162068272e-05,
  "total": 0.027526539281469163,
  "terminal_eval": 4.0327789954108795e-06,
  "runtime_s": 78.33291128999554,
  "status": "max_iters",
  "objective": "terminal",
  "terminal_infidelity": 4.0327789954108795e-06,
  "path_infidelity": 0.0,
  "ensemble_infidelity": 0.0
}