{
  "terminal": 0.0039834958373367035,
  "path": 0.0,
  "ensemble": 0.0,
  "power_penalty": 0.10962373993035858,
  "neg_penalty": 3.092511528153631e-05,
  "total": 0.11363816088297682,
  "terminal_eval": 0.0039834958373367035,
  "runtime_s": 12.245369399897754,
  "status": "converged_rtol",
  "objective": "terminal",
  "terminal_infidelity": 0.0039834958373367035,
  "path_infidelity": 0.0,
  "ensemble_infidelity": 0.0
}