{
  "terminal": 2.429090462108263e-07,
  "path": 0.0,
  "ensemble": 0.0,
  "power_penalty": 0.011168428710371067,
  "neg_penalty": 9.609059933810957e-13,
  "total": 0.011168671620378184,
  "terminal_eval": 2.429090462108263e-07,
  "runtime_s": 17.916032300097868,
  "status": "max_iters",
  "objective": "terminal",
  "terminal_infidelity": 2.429090462108263e-07,
  "path_infidelity": 0.0,
  "ensemble_infidelity": 0.0
}