{
  "terminal": 4.8214368608689995e-08,
  "path": 0.0,
  "ensemble": 0.0,
  "power_penalty": 0.0015036979566318606,
  "neg_penalty": 5.7434996034477735e-05,
  "total": 0.0015611811670349469,
  "terminal_eval": 4.8214368608689995e-08,
  "runtime_s": 14.774995299987495,
  "status": "max_iters",
  "objective": "terminal",
  "terminal_infidelity": 4.8214368608689995e-08,
  "path_infidelity": 0.0,
  "ensemble_infidelity": 0.0
}