{
  "terminal": 0.0003476943637630292,
  "path": 0.0,
  "ensemble": 0.0,
  "power_penalty": 0.042870463583487076,
  "neg_penalty": 1.0027524027427994,
  "total": 1.0459705606900496,
  "terminal_eval": 0.0003476943637630292,
  "runtime_s": 2.456410799873993,
  "status": "max_iters",
  "objective": "terminal",
  "terminal_infidelity": 0.0003476943637630292,
  "path_infidelity": 0.0,
  "ensemble_infidelity": 0.0
}