{
  "terminal": 0.00014135115923019637,
  "path": 0.0,
  "ensemble": 0.0,
  "power_penalty": 0.001791116333500461,
  "neg_penalty": 8.907276416660505e-05,
  "total": 0.002021540256897262,
  "terminal_eval": 0.00014135115923019637,
  "runtime_s": 0.4869268459988234,
  "status": "max_iters",
  "objective": "terminal",
  "terminal_infidelity": 0.00014135115923019637,
  "path_infidelity": 0.0,
  "ensemble_infidelity": 0.0
}