{
  "terminal": 1.868180626862781e-06,
  "path": 0.0,
  "ensemble": 0.0,
  "power_penalty": 3.324762759954162e-05,
  "neg_penalty": 3.748052319151682e-05,
  "total": 7.259633141792122e-05,
  "terminal_eval": 1.868180626862781e-06,
  "runtime_s": 80.52517712599365,
  "status": "max_iters",
  "objective": "terminal",
  "terminal_infidelity": 1.868180626862781e-06,
  "path_infidelity": 0.0,
  "ensemble_infidelity": 0.0
}