{
  "terminal": 1.2990868381024256e-09,
  "path": 0.0,
  "ensemble": 0.0,
  "power_penalty": 0.013890405784330746,
  "neg_penalty": 1.4247699799910866e-05,
  "total": 0.013904654783217495,
  "terminal_eval": 1.2990868381024256e-09,
  "runtime_s": 74.14526509500138,
  "status": "max_iters",
  "objective": "terminal",
  "terminal_infidelity": 1.2990868381024256e-09,
  "path_infidelity": 0.0,
  "ensemble_infidelity": 0.0
}