{
  "terminal": 7.602461319367038e-06,
  "path": 0.0,
  "ensemble": 0.0,
  "power_penalty": 0.0013640662396217597,
  "neg_penalty": 9.609060239165052e-13,
  "total": 0.0013716687019020327,
  "terminal_eval": 7.602461319367038e-06,
  "runtime_s": 12.937152700033039,
  "status": "max_iters",
  "objective": "terminal",
  "terminal_infidelity": 7.602461319367038e-06,
  "path_infidelity": 0.0,
  "ensemble_infidelity": 0.0
}