{
  "terminal": 0.0001259225285231702,
  "path": 0.0,
  "ensemble": 0.0,
  "power_penalty": 0.13357155744104568,
  "neg_penalty": 138.0499411589875,
  "total": 138.18363863895706,
  "terminal_eval": 0.0001259225285231702,
  "runtime_s": 24.278202899964526,
  "status": "max_iters",
  "objective": "terminal",
  "terminal_infidelity": 0.0001259225285231702,
  "path_infidelity": 0.0,
  "ensemble_infidelity": 0.0
}