{
  "terminal": 5.1737868339563065e-06,
  "path": 0.0,
  "ensemble": 0.0,
  "power_penalty": 0.006169960811437718,
  "neg_penalty": 9.609059862266866e-13,
  "total": 0.00617513459923258,
  "terminal_eval": 5.1737868339563065e-06,
  "runtime_s": 33.335529800038785,
  "status": "max_iters",
  "objective": "terminal",
  "terminal_infidelity": 5.1737868339563065e-06,
  "path_infidelity": 0.0,
  "ensemble_infidelity": 0.0
}