{
  "terminal": 5.095372352270644e-06,
  "path": 0.0,
  "ensemble": 0.0,
  "power_penalty": 0.006237517732320426,
  "neg_penalty": 9.609059872618939e-13,
  "total": 0.006242613105633603,
  "terminal_eval": 5.095372352270644e-06,
  "runtime_s": 23.603237899951637,
  "status": "max_iters",
  "objective": "terminal",
  "terminal_infidelity": 5.095372352270644e-06,
  "path_infidelity": 0.0,
  "ensemble_infidelity": 0.0
}