{
  "terminal": 0.2567021576128634,
  "path": 0.0,
  "ensemble": 0.0,
  "power_penalty": 0.1552822488195563,
  "neg_penalty": 173.0931852568229,
  "total": 173.50516966325532,
  "terminal_eval": 0.2567021576128634,
  "runtime_s": 26.33813409996219,
  "status": "max_iters",
  "objective": "terminal",
  "terminal_infidelity": 0.2567021576128634,
  "path_infidelity": 0.0,
  "ensemble_infidelity": 0.0
}