{
  "terminal": 6.622357790520006e-05,
  "path": 0.0,
  "ensemble": 0.0,
  "power_penalty": 0.04313297824658334,
  "neg_penalty": 9.609059069687869e-13,
  "total": 0.043199201825449444,
  "terminal_eval": 6.622357790520006e-05,
  "runtime_s": 24.086158900056034,
  "status": "max_iters",
  "objective": "terminal",
  "terminal_infidelity": 6.622357790520006e-05,
  "path_infidelity": 0.0,
  "ensemble_infidelity": 0.0
}