{
  "terminal": 5.194954749321301e-05,
  "path": 0.0,
  "ensemble": 0.0,
  "power_penalty": 0.045475666839455316,
  "neg_penalty": 9.609059216439763e-13,
  "total": 0.045527616387909434,
  "terminal_eval": 5.194954749321301e-05,
  "runtime_s": 24.46924089989625,
  "status": "max_iters",
  "objective": "terminal",
  "terminal_infidelity": 5.194954749321301e-05,
  "path_infidelity": 0.0,
  "ensemble_infidelity": 0.0
}