{
  "terminal": 0.1332377556119695,
  "path": 0.0,
  "ensemble": 0.0,
  "power_penalty": 0.061362273946605095,
  "neg_penalty": 207.82144663703332,
  "total": 208.0160466665919,
  "terminal_eval": 0.1332377556119695,
  "runtime_s": 29.588274500099942,
  "status": "max_iters",
  "objective": "terminal",
  "terminal_infidelity": 0.1332377556119695,
  "path_infidelity": 0.0,
  "ensemble_infidelity": 0.0
}