{
  "terminal": 7.167682754471993e-05,
  "path": 0.0,
  "ensemble": 0.0,
  "power_penalty": 0.04399228733279869,
  "neg_penalty": 9.609059401858945e-13,
  "total": 0.044063964161304314,
  "terminal_eval": 7.167682754471993e-05,
  "runtime_s": 25.859092599945143,
  "status": "max_iters",
  "objective": "terminal",
  "terminal_infidelity": 7.167682754471993e-05,
  "path_infidelity": 0.0,
  "ensemble_infidelity": 0.0
}