{
  "terminal": 0.012682983400762904,
  "path": 0.0,
  "ensemble": 0.0,
  "power_penalty": 0.2673422173488104,
  "neg_penalty": 272.46077929842056,
  "total": 272.7408044991701,
  "terminal_eval": 0.012682983400762904,
  "runtime_s": 26.131971399998292,
  "status": "max_iters",
  "objective": "terminal",
  "terminal_infidelity": 0.012682983400762904,
  "path_infidelity": 0.0,
  "ensemble_infidelity": 0.0
}