{
  "terminal": 6.771119952908577e-05,
  "path": 0.0,
  "ensemble": 0.0,
  "power_penalty": 0.04488856770417066,
  "neg_penalty": 9.609059426374119e-13,
  "total": 0.04495627890466065,
  "terminal_eval": 6.771119952908577e-05,
  "runtime_s": 25.392954600043595,
  "status": "max_iters",
  "objective": "terminal",
  "terminal_infidelity": 6.771119952908577e-05,
  "path_infidelity": 0.0,
  "ensemble_infidelity": 0.0
}