{
  "terminal": 0.05500393553545968,
  "path": 0.0,
  "ensemble": 0.0,
  "power_penalty": 0.48701711728706987,
  "neg_penalty": 485.53750140188805,
  "total": 486.07952245471057,
  "terminal_eval": 0.05500393553545968,
  "runtime_s": 26.80037140008062,
  "status": "max_iters",
  "objective": "terminal",
  "terminal_infidelity": 0.05500393553545968,
  "path_infidelity": 0.0,
  "ensemble_infidelity": 0.0
}