{
  "terminal": 5.893929300559986e-05,
  "path": 0.0,
  "ensemble": 0.0,
  "power_penalty": 0.04265122032290396,
  "neg_penalty": 9.609059702999516e-13,
  "total": 0.04271015961687046,
  "terminal_eval": 5.893929300559986e-05,
  "runtime_s": 191.86886580009013,
  "total_backtracks": 0,
  "status": "max_iters",
  "objective": "terminal",
  "terminal_infidelity": 5.893929300559986e-05,
  "path_infidelity": 0.0,
  "ensemble_infidelity": 0.0
}