{
  "terminal": 0.0011942678720354705,
  "path": 0.0,
  "ensemble": 0.0,
  "power_penalty": 0.017705356819543053,
  "neg_penalty": 9.609060278190476e-13,
  "total": 0.01889962469253943,
  "terminal_eval": 0.0011942678720354705,
  "runtime_s": 0.21556130005046725,
  "total_backtracks": 0,
  "status": "converged_rtol",
  "objective": "terminal",
  "terminal_infidelity": 0.0011942678720354705,
  "path_infidelity": 0.0,
  "ensemble_infidelity": 0.0
}