{
  "terminal": 1.0296616344107612e-05,
  "path": 0.0,
  "ensemble": 0.0,
  "power_penalty": 0.02483050865257475,
  "neg_penalty": 9.609059934357308e-13,
  "total": 0.02484080526987976,
  "terminal_eval": 1.0296616344107612e-05,
  "runtime_s": 300.07499510003254,
  "total_backtracks": 0,
  "status": "time_limit",
  "objective": "terminal",
  "terminal_infidelity": 1.0296616344107612e-05,
  "path_infidelity": 0.0,
  "ensemble_infidelity": 0.0
}