{
  "terminal": 0.0002410977513238599,
  "path": 0.013327565766918958,
  "ensemble": 0.0,
  "power_penalty": 0.02227117702971061,
  "neg_penalty": 3.78388439287529e-05,
  "total": 0.03563658164055832,
  "terminal_eval": 0.0002410977513238599,
  "runtime_s": 301.7428000990003,
  "total_backtracks": 0,
  "status": "max_iters",
  "objective": "path",
  "terminal_infidelity": 0.0002410977513238599,
  "path_infidelity": 0.013327565766918958,
  "ensemble_infidelity": 0.0
}