{
  "terminal": 2.8189424561286813e-07,
  "path": 0.0,
  "ensemble": 0.0,
  "power_penalty": 0.01969141988552753,
  "neg_penalty": 1.359937460002749e-05,
  "total": 0.019705301154373172,
  "terminal_eval": 2.8189424561286813e-07,
  "runtime_s": 174.69178378296783,
  "total_backtracks": 0,
  "status": "max_iters",
  "objective": "terminal",
  "terminal_infidelity": 2.8189424561286813e-07,
  "path_infidelity": 0.0,
  "ensemble_infidelity": 0.0
}