{
  "terminal": 0.1054555762987397,
  "path": 0.0,
  "ensemble": 0.0,
  "power_penalty": 11.805494467997624,
  "neg_penalty": 1.8000096090602785e-07,
  "total": 11.910950224297325,
  "terminal_eval": 0.1054555762987397,
  "runtime_s": 0.19461319991387427,
  "total_backtracks": 0,
  "status": "converged_rtol",
  "objective": "terminal",
  "terminal_infidelity": 0.1054555762987397,
  "path_infidelity": 0.0,
  "ensemble_infidelity": 0.0
}