{
  "terminal": 0.000150439044671824,
  "path": 0.0,
  "ensemble": 0.0,
  "power_penalty": 0.021765662872994113,
  "neg_penalty": 9.609060139328702e-13,
  "total": 0.02191610191862684,
  "terminal_eval": 0.000150439044671824,
  "runtime_s": 152.53051689988934,
  "total_backtracks": 0,
  "status": "converged_rtol",
  "objective": "terminal",
  "terminal_infidelity": 0.000150439044671824,
  "path_infidelity": 0.0,
  "ensemble_infidelity": 0.0
}