{
  "terminal": 0.0006102477397357253,
  "path": 0.01320399906863512,
  "ensemble": 0.0,
  "power_penalty": 3.3075492643986414e-05,
  "neg_penalty": 2.750430162507686e-05,
  "total": 0.013264578862904183,
  "terminal_eval": 0.0006102477397357253,
  "runtime_s": 316.26016881800024,
  "total_backtracks": 2054,
  "status": "max_iters",
  "objective": "path",
  "terminal_infidelity": 0.0006102477397357253,
  "path_infidelity": 0.01320399906863512,
  "ensemble_infidelity": 0.0
}