{
  "terminal": 5.882596543216323e-08,
  "path": 0.0,
  "ensemble": 0.0,
  "power_penalty": 0.0017462144819303908,
  "neg_penalty": 9.661112436046493e-05,
  "total": 0.001842884432256288,
  "terminal_eval": 5.882596543216323e-08,
  "runtime_s": 35.99226229800115,
  "total_backtracks": 0,
  "status": "max_iters",
  "objective": "terminal",
  "terminal_infidelity": 5.882596543216323e-08,
  "path_infidelity": 0.0,
  "ensemble_infidelity": 0.0
}