{
  "terminal": 0.9887765255241513,
  "path": 0.06987656914748841,
  "ensemble": 0.0,
  "power_penalty": 0.05665934161017882,
  "neg_penalty": 0.0006822529606367982,
  "total": 0.12721816371830402,
  "terminal_eval": 0.9887765255241513,
  "runtime_s": 25.910176699981093,
  "status": "max_iters",
  "objective": "path",
  "terminal_infidelity": 0.9887765255241513,
  "path_infidelity": 0.06987656914748841,
  "ensemble_infidelity": 0.0
}