{
  "terminal": 0.9964655955185309,
  "path": 0.06816735849680322,
  "ensemble": 0.0,
  "power_penalty": 0.04609277270696201,
  "neg_penalty": 0.00023870796868876687,
  "total": 0.114498839172454,
  "terminal_eval": 0.9964655955185309,
  "runtime_s": 24.522167900111526,
  "status": "max_iters",
  "objective": "path",
  "terminal_infidelity": 0.9964655955185309,
  "path_infidelity": 0.06816735849680322,
  "ensemble_infidelity": 0.0
}