{
  "terminal": 0.00117911761972056,
  "path": 0.03736623181792742,
  "ensemble": 0.0,
  "power_penalty": 0.0074626958931248944,
  "neg_penalty": 0.0003734861091312235,
  "total": 0.045202413820183536,
  "terminal_eval": 0.00117911761972056,
  "runtime_s": 28.789183517998026,
  "status": "max_iters",
  "objective": "path",
  "terminal_infidelity": 0.00117911761972056,
  "path_infidelity": 0.03736623181792742,
  "ensemble_infidelity": 0.0
}