{
  "terminal": 7.102242158751881e-05,
  "path": 0.004612687370017743,
  "ensemble": 0.0,
  "power_penalty": 6.0970320346425535e-05,
  "neg_penalty": 0.00014885276362252382,
  "total": 0.004822510453986692,
  "terminal_eval": 7.102242158751881e-05,
  "runtime_s": 168.41313442899263,
  "status": "max_iters",
  "objective": "path",
  "terminal_infidelity": 7.102242158751881e-05,
  "path_infidelity": 0.004612687370017743,
  "ensemble_infidelity": 0.0
}