{
  "terminal": 0.23046754438419825,
  "path": 0.010626378734154729,
  "ensemble": 0.0,
  "power_penalty": 0.004393342512176101,
  "neg_penalty": 2.337235541626351e-07,
  "total": 0.015019954969884994,
  "terminal_eval": 0.23046754438419825,
  "runtime_s": 21.71685630013235,
  "status": "max_iters",
  "objective": "path",
  "terminal_infidelity": 0.23046754438419825,
  "path_infidelity": 0.010626378734154729,
  "ensemble_infidelity": 0.0
}