{
  "terminal": 0.0003430040978815718,
  "path": 0.01299006578166817,
  "ensemble": 0.0,
  "power_penalty": 0.027727164130176906,
  "neg_penalty": 3.213720396736088e-05,
  "total": 0.04074936711581244,
  "terminal_eval": 0.0003430040978815718,
  "runtime_s": 149.72515873005614,
  "status": "max_iters",
  "objective": "path",
  "terminal_infidelity": 0.0003430040978815718,
  "path_infidelity": 0.01299006578166817,
  "ensemble_infidelity": 0.0
}