{
  "terminal": 0.0012100457674193432,
  "path": 0.015313971480466315,
  "ensemble": 0.0,
  "power_penalty": 0.0003264832042912579,
  "neg_penalty": 0.0019964774511437417,
  "total": 0.017636932135901312,
  "terminal_eval": 0.0012100457674193432,
  "runtime_s": 349.5460756370012,
  "status": "max_iters",
  "objective": "path",
  "terminal_infidelity": 0.0012100457674193432,
  "path_infidelity": 0.015313971480466315,
  "ensemble_infidelity": 0.0
}