{
  "terminal": 0.011628894597344508,
  "path": 0.16838233726507912,
  "ensemble": 0.0,
  "power_penalty": 0.0019216798387718156,
  "neg_penalty": 9.637492416317955e-05,
  "total": 0.1704003920280141,
  "terminal_eval": 0.011628894597344508,
  "runtime_s": 0.8128577669995138,
  "status": "max_iters",
  "objective": "path",
  "terminal_infidelity": 0.011628894597344508,
  "path_infidelity": 0.16838233726507912,
  "ensemble_infidelity": 0.0
}