{
  "terminal": 0.0021560219582789086,
  "path": 0.07857234058068319,
  "ensemble": 0.0,
  "power_penalty": 0.0913295147038451,
  "neg_penalty": 4.279072193879702e-06,
  "total": 0.16990613435672217,
  "terminal_eval": 0.0021560219582789086,
  "runtime_s": 17.2940030999016,
  "status": "max_iters",
  "objective": "path",
  "terminal_infidelity": 0.0021560219582789086,
  "path_infidelity": 0.07857234058068319,
  "ensemble_infidelity": 0.0
}