{
  "terminal": 0.0003429993330521519,
  "path": 0.012990024257651167,
  "ensemble": 0.0,
  "power_penalty": 0.027726991798698142,
  "neg_penalty": 3.212155493784299e-05,
  "total": 0.04074913761128715,
  "terminal_eval": 0.0003429993330521519,
  "runtime_s": 140.95213222294115,
  "status": "max_iters",
  "objective": "path",
  "terminal_infidelity": 0.0003429993330521519,
  "path_infidelity": 0.012990024257651167,
  "ensemble_infidelity": 0.0
}