{
  "terminal": 0.14206446436906828,
  "path": 0.009596501770435362,
  "ensemble": 0.0,
  "power_penalty": 0.005665712741416352,
  "neg_penalty": 3.977412358488797e-07,
  "total": 0.015262612253087563,
  "terminal_eval": 0.14206446436906828,
  "runtime_s": 21.850289900088683,
  "status": "max_iters",
  "objective": "path",
  "terminal_infidelity": 0.14206446436906828,
  "path_infidelity": 0.009596501770435362,
  "ensemble_infidelity": 0.0
}