{
  "terminal": 0.00020078944857082615,
  "path": 0.014981737776878057,
  "ensemble": 0.0,
  "power_penalty": 0.019876470056170995,
  "neg_penalty": 4.362491814670515e-05,
  "total": 0.03490183275119575,
  "terminal_eval": 0.00020078944857082615,
  "runtime_s": 138.5539598450123,
  "status": "max_iters",
  "objective": "path",
  "terminal_infidelity": 0.00020078944857082615,
  "path_infidelity": 0.014981737776878057,
  "ensemble_infidelity": 0.0
}