{
  "terminal": 0.9962471728309273,
  "path": 0.06781800427906004,
  "ensemble": 0.0,
  "power_penalty": 0.0458282274645119,
  "neg_penalty": 0.000239340779962752,
  "total": 0.11388557252353469,
  "terminal_eval": 0.9962471728309273,
  "runtime_s": 23.599551199935377,
  "status": "max_iters",
  "objective": "path",
  "terminal_infidelity": 0.9962471728309273,
  "path_infidelity": 0.06781800427906004,
  "ensemble_infidelity": 0.0
}