{
  "terminal": 0.12974121213584178,
  "path": 0.1918733998335208,
  "ensemble": 0.0,
  "power_penalty": 0.08312609169626924,
  "neg_penalty": 394.75525117802056,
  "total": 395.03025066955036,
  "terminal_eval": 0.12974121213584178,
  "runtime_s": 13.365930499974638,
  "status": "max_iters",
  "objective": "path",
  "terminal_infidelity": 0.12974121213584178,
  "path_infidelity": 0.1918733998335208,
  "ensemble_infidelity": 0.0
}