{
  "terminal": 0.3500008286142382,
  "path": 0.012145625493603651,
  "ensemble": 0.0,
  "power_penalty": 0.011307117725994173,
  "neg_penalty": 3.944265625772928e-05,
  "total": 0.023492185875855554,
  "terminal_eval": 0.3500008286142382,
  "runtime_s": 28.883876000065356,
  "status": "max_iters",
  "objective": "path",
  "terminal_infidelity": 0.3500008286142382,
  "path_infidelity": 0.012145625493603651,
  "ensemble_infidelity": 0.0
}