{
  "terminal": 0.5808272697961263,
  "path": 0.16416830748696742,
  "ensemble": 0.0,
  "power_penalty": 0.08241091239392379,
  "neg_penalty": 0.001911388721151413,
  "total": 0.2484906086020426,
  "terminal_eval": 0.5808272697961263,
  "runtime_s": 23.88112880010158,
  "status": "max_iters",
  "objective": "path",
  "terminal_infidelity": 0.5808272697961263,
  "path_infidelity": 0.16416830748696742,
  "ensemble_infidelity": 0.0
}