{
  "terminal": 0.18823706293536624,
  "path": 0.03026633290071734,
  "ensemble": 0.0,
  "power_penalty": 0.01686514654178493,
  "neg_penalty": 2.1340632146644457e-05,
  "total": 0.04715282007464892,
  "terminal_eval": 0.18823706293536624,
  "runtime_s": 3.9699284001253545,
  "status": "max_iters",
  "objective": "path",
  "terminal_infidelity": 0.18823706293536624,
  "path_infidelity": 0.03026633290071734,
  "ensemble_infidelity": 0.0
}