{
  "terminal": 5.591557388318069e-05,
  "path": 0.006358191975302296,
  "ensemble": 0.0,
  "power_penalty": 0.004304338327533846,
  "neg_penalty": 0.0002944791012929786,
  "total": 0.01095700940412912,
  "terminal_eval": 5.591557388318069e-05,
  "runtime_s": 152.8455480550183,
  "status": "max_iters",
  "objective": "path",
  "terminal_infidelity": 5.591557388318069e-05,
  "path_infidelity": 0.006358191975302296,
  "ensemble_infidelity": 0.0
}