{
  "terminal": 5.967044824251033e-06,
  "path": 0.0,
  "ensemble": 0.0,
  "power_penalty": 0.006406410290747532,
  "neg_penalty": 9.609060032935681e-13,
  "total": 0.006412377336532689,
  "terminal_eval": 5.967044824251033e-06,
  "runtime_s": 24.90593979996629,
  "status": "max_iters",
  "objective": "terminal",
  "terminal_infidelity": 5.967044824251033e-06,
  "path_infidelity": 0.0,
  "ensemble_infidelity": 0.0
}