{
  "terminal": 5.909314935714782e-06,
  "path": 0.0,
  "ensemble": 0.0,
  "power_penalty": 0.006457533858184781,
  "neg_penalty": 9.60906003627428e-13,
  "total": 0.006463443174081401,
  "terminal_eval": 5.909314935714782e-06,
  "runtime_s": 25.86661159992218,
  "status": "max_iters",
  "objective": "terminal",
  "terminal_infidelity": 5.909314935714782e-06,
  "path_infidelity": 0.0,
  "ensemble_infidelity": 0.0
}