{
  "terminal": 0.0013555052460527683,
  "path": 0.0,
  "ensemble": 0.0,
  "power_penalty": 0.18161106134006996,
  "neg_penalty": 9.609059995687133e-13,
  "total": 0.18296656658708363,
  "terminal_eval": 0.0013555052460527683,
  "runtime_s": 300.0568645999301,
  "status": "time_limit",
  "objective": "terminal",
  "terminal_infidelity": 0.0013555052460527683,
  "path_infidelity": 0.0,
  "ensemble_infidelity": 0.0
}