{
  "terminal": 0.0021015883692124815,
  "path": 0.017730299020948803,
  "ensemble": 0.0,
  "power_penalty": 3.1678423393744954e-05,
  "neg_penalty": 2.3513658286894366e-05,
  "total": 0.01778549110262944,
  "terminal_eval": 0.0021015883692124815,
  "runtime_s": 148.10632041699137,
  "status": "max_iters",
  "objective": "path",
  "terminal_infidelity": 0.0021015883692124815,
  "path_infidelity": 0.017730299020948803,
  "ensemble_infidelity": 0.0
}