{
  "terminal": 4.3273339714766657e-05,
  "path": 0.0,
  "ensemble": 0.0,
  "power_penalty": 0.017851863428290256,
  "neg_penalty": 9.609060272094325e-13,
  "total": 0.017895136768965928,
  "terminal_eval": 4.3273339714766657e-05,
  "runtime_s": 98.162816000171,
  "status": "max_iters",
  "objective": "terminal",
  "terminal_infidelity": 4.3273339714766657e-05,
  "path_infidelity": 0.0,
  "ensemble_infidelity": 0.0
}