{
  "terminal": 0.00034740414339828884,
  "path": 0.0,
  "ensemble": 0.0,
  "power_penalty": 0.12959708123051275,
  "neg_penalty": 7.2009609060158805e-09,
  "total": 0.12994449257487195,
  "terminal_eval": 0.00034740414339828884,
  "runtime_s": 99.70751910004765,
  "status": "max_iters",
  "objective": "terminal",
  "terminal_infidelity": 0.00034740414339828884,
  "path_infidelity": 0.0,
  "ensemble_infidelity": 0.0
}