{
  "terminal": 0.0012742569070123277,
  "path": 0.0,
  "ensemble": 0.0,
  "power_penalty": 0.0,
  "neg_penalty": 0.0,
  "total": 0.0012742569070123277,
  "terminal_eval": 0.0012742569070123277,
  "runtime_s": 0.153854800038971,
  "status": "converged_rtol",
  "objective": "terminal",
  "terminal_infidelity": 0.0012742569070123277,
  "path_infidelity": 0.0,
  "ensemble_infidelity": 0.0
}