{
  "terminal": 5.9252080242266914e-08,
  "path": 0.0,
  "ensemble": 0.0,
  "power_penalty": 0.001814651746821077,
  "neg_penalty": 0.00010429570229346171,
  "total": 0.001919006701194781,
  "terminal_eval": 5.9252080242266914e-08,
  "runtime_s": 14.591020665997348,
  "status": "max_iters",
  "objective": "terminal",
  "terminal_infidelity": 5.9252080242266914e-08,
  "path_infidelity": 0.0,
  "ensemble_infidelity": 0.0
}