{
  "terminal": 0.00013036156259205178,
  "path": 0.0,
  "ensemble": 0.0,
  "power_penalty": 0.018030850029702155,
  "neg_penalty": 9.60906027417278e-13,
  "total": 0.01816121159325511,
  "terminal_eval": 0.00013036156259205178,
  "runtime_s": 43.06961330003105,
  "status": "converged_rtol",
  "objective": "terminal",
  "terminal_infidelity": 0.00013036156259205178,
  "path_infidelity": 0.0,
  "ensemble_infidelity": 0.0
}