{
  "terminal": 0.002206728431165539,
  "path": 0.018405944540161645,
  "ensemble": 0.0,
  "power_penalty": 0.03127342738080023,
  "neg_penalty": 2.2925922691433507e-05,
  "total": 0.049702297843653306,
  "terminal_eval": 0.002206728431165539,
  "runtime_s": 150.70066388099804,
  "status": "max_iters",
  "objective": "path",
  "terminal_infidelity": 0.002206728431165539,
  "path_infidelity": 0.018405944540161645,
  "ensemble_infidelity": 0.0
}