{
  "terminal": 6.202912850028497e-09,
  "path": 0.0,
  "ensemble": 0.0,
  "power_penalty": 0.001815874251005687,
  "neg_penalty": 0.00010449446656527507,
  "total": 0.001920374920483812,
  "terminal_eval": 6.202912850028497e-09,
  "runtime_s": 13.513105500023812,
  "status": "max_iters",
  "objective": "terminal",
  "terminal_infidelity": 6.202912850028497e-09,
  "path_infidelity": 0.0,
  "ensemble_infidelity": 0.0
}