{
  "terminal": 4.40369959520126e-06,
  "path": 0.0,
  "ensemble": 0.0,
  "power_penalty": 0.03129815492905845,
  "neg_penalty": 2.0296681259203306e-05,
  "total": 0.031322855309912856,
  "terminal_eval": 4.40369959520126e-06,
  "runtime_s": 133.37979314499535,
  "status": "max_iters",
  "objective": "terminal",
  "terminal_infidelity": 4.40369959520126e-06,
  "path_infidelity": 0.0,
  "ensemble_infidelity": 0.0
}