{
  "terminal": 0.9954536114182565,
  "path": 0.0,
  "ensemble": 0.0,
  "power_penalty": 1.3290733313064047,
  "neg_penalty": 1.4002367225702562e-06,
  "total": 2.3245283429613837,
  "terminal_eval": 0.9954536114182565,
  "runtime_s": 34.894288899959065,
  "status": "converged_rtol",
  "objective": "terminal",
  "terminal_infidelity": 0.9954536114182565,
  "path_infidelity": 0.0,
  "ensemble_infidelity": 0.0
}