{
  "terminal": 3.964188463267959e-06,
  "path": 0.0,
  "ensemble": 0.0,
  "power_penalty": 0.2654806081657343,
  "neg_penalty": 272.87685585398543,
  "total": 273.1423404263396,
  "terminal_eval": 3.964188463267959e-06,
  "runtime_s": 26.67580939992331,
  "status": "max_iters",
  "objective": "terminal",
  "terminal_infidelity": 3.964188463267959e-06,
  "path_infidelity": 0.0,
  "ensemble_infidelity": 0.0
}