{
  "terminal": 5.725831884295651e-06,
  "path": 0.0,
  "ensemble": 0.0,
  "power_penalty": 0.005720526764486943,
  "neg_penalty": 9.609060040774676e-13,
  "total": 0.005726252597332144,
  "terminal_eval": 5.725831884295651e-06,
  "runtime_s": 25.46119200019166,
  "status": "max_iters",
  "objective": "terminal",
  "terminal_infidelity": 5.725831884295651e-06,
  "path_infidelity": 0.0,
  "ensemble_infidelity": 0.0
}