{
  "terminal": 5.267581304924107e-05,
  "path": 0.0,
  "ensemble": 0.0,
  "power_penalty": 0.10213689059953432,
  "neg_penalty": 366.87442204007124,
  "total": 366.9766116064838,
  "terminal_eval": 5.267581304924107e-05,
  "runtime_s": 29.714624899905175,
  "status": "max_iters",
  "objective": "terminal",
  "terminal_infidelity": 5.267581304924107e-05,
  "path_infidelity": 0.0,
  "ensemble_infidelity": 0.0
}