{
  "terminal": 5.789999426686343e-06,
  "path": 0.0,
  "ensemble": 0.0,
  "power_penalty": 0.0057079116520948455,
  "neg_penalty": 9.609060038183995e-13,
  "total": 0.005713701652482438,
  "terminal_eval": 5.789999426686343e-06,
  "runtime_s": 24.469831600086764,
  "status": "max_iters",
  "objective": "terminal",
  "terminal_infidelity": 5.789999426686343e-06,
  "path_infidelity": 0.0,
  "ensemble_infidelity": 0.0
}