{
  "terminal": 5.1114127093021544e-05,
  "path": 0.0,
  "ensemble": 0.0,
  "power_penalty": 0.045055786067987665,
  "neg_penalty": 9.609058841560594e-13,
  "total": 0.04510690019604159,
  "terminal_eval": 5.1114127093021544e-05,
  "runtime_s": 24.96508470014669,
  "status": "max_iters",
  "objective": "terminal",
  "terminal_infidelity": 5.1114127093021544e-05,
  "path_infidelity": 0.0,
  "ensemble_infidelity": 0.0
}