{
  "terminal": 6.579066153500346e-05,
  "path": 0.0,
  "ensemble": 0.0,
  "power_penalty": 0.04263719979235802,
  "neg_penalty": 9.609058642951825e-13,
  "total": 0.04270299045485393,
  "terminal_eval": 6.579066153500346e-05,
  "runtime_s": 33.570966799976304,
  "status": "max_iters",
  "objective": "terminal",
  "terminal_infidelity": 6.579066153500346e-05,
  "path_infidelity": 0.0,
  "ensemble_infidelity": 0.0
}