{
  "terminal": 4.849580901189476e-06,
  "path": 0.0,
  "ensemble": 0.0,
  "power_penalty": 0.005818691590633142,
  "neg_penalty": 9.609059979022582e-13,
  "total": 0.0058235411724952375,
  "terminal_eval": 4.849580901189476e-06,
  "runtime_s": 23.517845299793407,
  "status": "max_iters",
  "objective": "terminal",
  "terminal_infidelity": 4.849580901189476e-06,
  "path_infidelity": 0.0,
  "ensemble_infidelity": 0.0
}