{
  "terminal": 1.924033490641186e-05,
  "path": 0.0,
  "ensemble": 0.0,
  "power_penalty": 0.13223830936625786,
  "neg_penalty": 138.0508494063517,
  "total": 138.18310695605285,
  "terminal_eval": 1.924033490641186e-05,
  "runtime_s": 24.80766570009291,
  "status": "max_iters",
  "objective": "terminal",
  "terminal_infidelity": 1.924033490641186e-05,
  "path_infidelity": 0.0,
  "ensemble_infidelity": 0.0
}