{
  "terminal": 5.015520211038016e-06,
  "path": 0.0,
  "ensemble": 0.0,
  "power_penalty": 0.005438206126241011,
  "neg_penalty": 9.609059826296154e-13,
  "total": 0.005443221647412955,
  "terminal_eval": 5.015520211038016e-06,
  "runtime_s": 23.6866328001488,
  "status": "max_iters",
  "objective": "terminal",
  "terminal_infidelity": 5.015520211038016e-06,
  "path_infidelity": 0.0,
  "ensemble_infidelity": 0.0
}