{
  "terminal": 5.103557100372136e-06,
  "path": 0.0,
  "ensemble": 0.0,
  "power_penalty": 0.0054205491165622375,
  "neg_penalty": 9.609059819461465e-13,
  "total": 0.0054256526746235155,
  "terminal_eval": 5.103557100372136e-06,
  "runtime_s": 24.199000099906698,
  "status": "max_iters",
  "objective": "terminal",
  "terminal_infidelity": 5.103557100372136e-06,
  "path_infidelity": 0.0,
  "ensemble_infidelity": 0.0
}