{
  "terminal": 1.1391494554313653e-06,
  "path": 0.0,
  "ensemble": 0.0,
  "power_penalty": 0.05079401545031453,
  "neg_penalty": 154.40053676203718,
  "total": 154.45133191663695,
  "terminal_eval": 1.1391494554313653e-06,
  "runtime_s": 27.680899900151417,
  "status": "max_iters",
  "objective": "terminal",
  "terminal_infidelity": 1.1391494554313653e-06,
  "path_infidelity": 0.0,
  "ensemble_infidelity": 0.0
}