{
  "terminal": 4.482022557483756e-05,
  "path": 0.0,
  "ensemble": 0.0,
  "power_penalty": 0.06078531497339068,
  "neg_penalty": 207.83120449684958,
  "total": 207.89203463204854,
  "terminal_eval": 4.482022557483756e-05,
  "runtime_s": 28.289329499937594,
  "status": "max_iters",
  "objective": "terminal",
  "terminal_infidelity": 4.482022557483756e-05,
  "path_infidelity": 0.0,
  "ensemble_infidelity": 0.0
}