{
  "terminal": 8.534584275632362e-05,
  "path": 0.0,
  "ensemble": 0.0,
  "power_penalty": 0.15777103732831507,
  "neg_penalty": 172.99014688374302,
  "total": 173.1480032669141,
  "terminal_eval": 8.534584275632362e-05,
  "runtime_s": 24.86165580013767,
  "status": "max_iters",
  "objective": "terminal",
  "terminal_infidelity": 8.534584275632362e-05,
  "path_infidelity": 0.0,
  "ensemble_infidelity": 0.0
}