{
  "terminal": 4.911228172588267e-06,
  "path": 0.0,
  "ensemble": 0.0,
  "power_penalty": 0.005503761158156723,
  "neg_penalty": 9.609059966217252e-13,
  "total": 0.005508672387290217,
  "terminal_eval": 4.911228172588267e-06,
  "runtime_s": 31.797707099933177,
  "status": "max_iters",
  "objective": "terminal",
  "terminal_infidelity": 4.911228172588267e-06,
  "path_infidelity": 0.0,
  "ensemble_infidelity": 0.0
}