{
  "terminal": 4.847645972638759e-06,
  "path": 0.0,
  "ensemble": 0.0,
  "power_penalty": 0.005520182741306236,
  "neg_penalty": 9.60905997020407e-13,
  "total": 0.005525030388239781,
  "terminal_eval": 4.847645972638759e-06,
  "runtime_s": 23.488975000102073,
  "status": "max_iters",
  "objective": "terminal",
  "terminal_infidelity": 4.847645972638759e-06,
  "path_infidelity": 0.0,
  "ensemble_infidelity": 0.0
}