{
  "terminal": -1.1102230246251565e-15,
  "path": 0.0,
  "ensemble": 0.0,
  "power_penalty": 123.46591448301773,
  "neg_penalty": 0.0,
  "total": 123.46591448301773,
  "terminal_eval": -1.1102230246251565e-15,
  "runtime_s": 0.011112199979834259,
  "status": "max_iters",
  "objective": "terminal",
  "terminal_infidelity": -1.1102230246251565e-15,
  "path_infidelity": 0.0,
  "ensemble_infidelity": 0.0
}