{
  "terminal": 0.055910908360932376,
  "path": 0.0,
  "ensemble": 0.0,
  "power_penalty": 0.48681146657055363,
  "neg_penalty": 485.1920118764151,
  "total": 485.7347342513466,
  "terminal_eval": 0.055910908360932376,
  "runtime_s": 26.579159599961713,
  "status": "max_iters",
  "objective": "terminal",
  "terminal_infidelity": 0.055910908360932376,
  "path_infidelity": 0.0,
  "ensemble_infidelity": 0.0
}