{
  "terminal": 0.0006109229350219625,
  "path": 0.0,
  "ensemble": 0.0,
  "power_penalty": 0.17392880686012105,
  "neg_penalty": 669.4318257943755,
  "total": 669.6063655241707,
  "terminal_eval": 0.0006109229350219625,
  "runtime_s": 24.29211760009639,
  "status": "max_iters",
  "objective": "terminal",
  "terminal_infidelity": 0.0006109229350219625,
  "path_infidelity": 0.0,
  "ensemble_infidelity": 0.0
}