{
  "terminal": 6.90087270738271e-05,
  "path": 0.0,
  "ensemble": 0.0,
  "power_penalty": 0.027867302368612044,
  "neg_penalty": 1.5120096090602984e-07,
  "total": 0.027936462296646775,
  "terminal_eval": 6.90087270738271e-05,
  "runtime_s": 26.385627700015903,
  "status": "max_iters",
  "objective": "terminal",
  "terminal_infidelity": 6.90087270738271e-05,
  "path_infidelity": 0.0,
  "ensemble_infidelity": 0.0
}