{
  "terminal": 0.00011139268954474257,
  "path": 0.0,
  "ensemble": 0.0,
  "power_penalty": 0.022701094188672763,
  "neg_penalty": 1.7280096090603012e-07,
  "total": 0.02281265967917841,
  "terminal_eval": 0.00011139268954474257,
  "runtime_s": 29.463541799923405,
  "status": "max_iters",
  "objective": "terminal",
  "terminal_infidelity": 0.00011139268954474257,
  "path_infidelity": 0.0,
  "ensemble_infidelity": 0.0
}