{
  "terminal": 0.09879869738487523,
  "path": 0.0,
  "ensemble": 0.0,
  "power_penalty": 0.166537944574974,
  "neg_penalty": 669.6564055568244,
  "total": 669.9217421987843,
  "terminal_eval": 0.09879869738487523,
  "runtime_s": 26.72796699986793,
  "status": "max_iters",
  "objective": "terminal",
  "terminal_infidelity": 0.09879869738487523,
  "path_infidelity": 0.0,
  "ensemble_infidelity": 0.0
}