{
  "terminal": 0.06258372329299267,
  "path": 0.0,
  "ensemble": 0.0,
  "power_penalty": 0.48947781750323216,
  "neg_penalty": 485.19719819458436,
  "total": 485.7492597353806,
  "terminal_eval": 0.06258372329299267,
  "runtime_s": 27.91884330008179,
  "status": "max_iters",
  "objective": "terminal",
  "terminal_infidelity": 0.06258372329299267,
  "path_infidelity": 0.0,
  "ensemble_infidelity": 0.0
}