{
  "terminal": 8.24343416749862e-07,
  "path": 0.0,
  "ensemble": 0.0,
  "power_penalty": 0.05092558172778175,
  "neg_penalty": 154.40055886526778,
  "total": 154.45148527133898,
  "terminal_eval": 8.24343416749862e-07,
  "runtime_s": 29.240499899955466,
  "status": "max_iters",
  "objective": "terminal",
  "terminal_infidelity": 8.24343416749862e-07,
  "path_infidelity": 0.0,
  "ensemble_infidelity": 0.0
}