{
  "terminal": 4.231962300549341e-05,
  "path": 0.0,
  "ensemble": 0.0,
  "power_penalty": 0.1325383583848758,
  "neg_penalty": 138.05198933193122,
  "total": 138.1845700099391,
  "terminal_eval": 4.231962300549341e-05,
  "runtime_s": 24.874875499866903,
  "status": "max_iters",
  "objective": "terminal",
  "terminal_infidelity": 4.231962300549341e-05,
  "path_infidelity": 0.0,
  "ensemble_infidelity": 0.0
}