{
  "terminal": 4.37023945744075e-05,
  "path": 0.0,
  "ensemble": 0.0,
  "power_penalty": 0.01687160310232384,
  "neg_penalty": 9.609060090430086e-13,
  "total": 0.016915305497859152,
  "terminal_eval": 4.37023945744075e-05,
  "runtime_s": 10.238544800085947,
  "status": "converged_rtol",
  "objective": "terminal",
  "terminal_infidelity": 4.37023945744075e-05,
  "path_infidelity": 0.0,
  "ensemble_infidelity": 0.0
}