{
  "terminal": 0.00020562699687731723,
  "path": 0.016915494236441897,
  "ensemble": 0.0,
  "power_penalty": 0.01737621546578506,
  "neg_penalty": 7.112029362166044e-05,
  "total": 0.03436282999584862,
  "terminal_eval": 0.00020562699687731723,
  "runtime_s": 152.5183578319993,
  "status": "max_iters",
  "objective": "path",
  "terminal_infidelity": 0.00020562699687731723,
  "path_infidelity": 0.016915494236441897,
  "ensemble_infidelity": 0.0
}