{
  "terminal": 3.474625511434848e-05,
  "path": 0.0,
  "ensemble": 0.0,
  "power_penalty": 0.011959983233739776,
  "neg_penalty": 9.60906006827621e-13,
  "total": 0.011994729489815031,
  "terminal_eval": 3.474625511434848e-05,
  "runtime_s": 11.664860799908638,
  "status": "converged_rtol",
  "objective": "terminal",
  "terminal_infidelity": 3.474625511434848e-05,
  "path_infidelity": 0.0,
  "ensemble_infidelity": 0.0
}