{
  "terminal": 0.0001518324025423512,
  "path": 0.0,
  "ensemble": 0.0,
  "power_penalty": 0.021755601718648508,
  "neg_penalty": 9.609060141546404e-13,
  "total": 0.021907434122151764,
  "terminal_eval": 0.0001518324025423512,
  "runtime_s": 17.995173400035128,
  "status": "converged_rtol",
  "objective": "terminal",
  "terminal_infidelity": 0.0001518324025423512,
  "path_infidelity": 0.0,
  "ensemble_infidelity": 0.0
}