{
  "terminal": 4.37023945744075e-05,
  "path": 0.0,
  "ensemble": 0.0,
  "power_penalty": 0.011530267102323837,
  "neg_penalty": 9.609060090430086e-13,
  "total": 0.011573969497859151,
  "terminal_eval": 4.37023945744075e-05,
  "runtime_s": 9.925823299912736,
  "status": "converged_rtol",
  "objective": "terminal",
  "terminal_infidelity": 4.37023945744075e-05,
  "path_infidelity": 0.0,
  "ensemble_infidelity": 0.0
}