{
  "terminal": 0.9954785837515133,
  "path": 0.0,
  "ensemble": 0.0,
  "power_penalty": 1.3289413754166979,
  "neg_penalty": 1.4076009609060262e-06,
  "total": 2.324421366769172,
  "terminal_eval": 0.9954785837515133,
  "runtime_s": 29.17638020007871,
  "status": "converged_rtol",
  "objective": "terminal",
  "terminal_infidelity": 0.9954785837515133,
  "path_infidelity": 0.0,
  "ensemble_infidelity": 0.0
}