{
  "terminal": 0.00023192593442655784,
  "path": 0.0,
  "ensemble": 0.0,
  "power_penalty": 0.09352368230510869,
  "neg_penalty": 9.60905971212612e-13,
  "total": 0.09375560824049615,
  "terminal_eval": 0.00023192593442655784,
  "runtime_s": 97.53108929982409,
  "status": "max_iters",
  "objective": "terminal",
  "terminal_infidelity": 0.00023192593442655784,
  "path_infidelity": 0.0,
  "ensemble_infidelity": 0.0
}