{
  "terminal": 5.181190088077159e-08,
  "path": 0.0,
  "ensemble": 0.0,
  "power_penalty": 0.00138833669042138,
  "neg_penalty": 5.1120157938950755e-05,
  "total": 0.0014395086602612115,
  "terminal_eval": 5.181190088077159e-08,
  "runtime_s": 15.625876232999872,
  "status": "max_iters",
  "objective": "terminal",
  "terminal_infidelity": 5.181190088077159e-08,
  "path_infidelity": 0.0,
  "ensemble_infidelity": 0.0
}