{
  "terminal": 2.8121669252145765e-06,
  "path": 0.0,
  "ensemble": 0.0,
  "power_penalty": 0.0,
  "neg_penalty": 0.0,
  "total": 2.8121669252145765e-06,
  "terminal_eval": 2.8121669252145765e-06,
  "runtime_s": 0.8531003000680357,
  "status": "converged_rtol",
  "objective": "terminal",
  "terminal_infidelity": 2.8121669252145765e-06,
  "path_infidelity": 0.0,
  "ensemble_infidelity": 0.0
}