{
  "terminal": 0.0001259392060419806,
  "path": 0.0,
  "ensemble": 0.0014590734380587427,
  "power_penalty": 0.02456837360081624,
  "neg_penalty": 1.74002469416327e-05,
  "total": 0.026044847285816616,
  "terminal_eval": 0.0001259392060419806,
  "runtime_s": 2051.9576563170413,
  "status": "max_iters",
  "objective": "ensemble",
  "terminal_infidelity": 0.0001259392060419806,
  "path_infidelity": 0.0,
  "ensemble_infidelity": 0.0014590734380587427
}