{
  "terminal": 0.005043644889153098,
  "path": 0.0,
  "ensemble": 0.014247960701840619,
  "power_penalty": 0.10892978207410123,
  "neg_penalty": 6.356405000052224e-06,
  "total": 0.12318409918094189,
  "terminal_eval": 0.005043644889153098,
  "runtime_s": 61.806603299919516,
  "status": "time_limit",
  "objective": "ensemble",
  "terminal_infidelity": 0.005043644889153098,
  "path_infidelity": 0.0,
  "ensemble_infidelity": 0.014247960701840619
}