{
  "terminal": 3.6575484843037742e-06,
  "path": 0.0,
  "ensemble": 2.6562889336796952e-05,
  "power_penalty": 0.005019835769884507,
  "neg_penalty": 2.1732677758889622e-07,
  "total": 0.005046615985998893,
  "terminal_eval": 3.6575484843037742e-06,
  "runtime_s": 430.87259959988296,
  "status": "max_iters",
  "objective": "ensemble",
  "terminal_infidelity": 3.6575484843037742e-06,
  "path_infidelity": 0.0,
  "ensemble_infidelity": 2.6562889336796952e-05
}