{
  "terminal": 0.004753700634280156,
  "path": 0.0,
  "ensemble": 0.013989799877514118,
  "power_penalty": 0.10922602150937481,
  "neg_penalty": 6.30058421223804e-06,
  "total": 0.12322212197110116,
  "terminal_eval": 0.004753700634280156,
  "runtime_s": 62.11794749996625,
  "status": "time_limit",
  "objective": "ensemble",
  "terminal_infidelity": 0.004753700634280156,
  "path_infidelity": 0.0,
  "ensemble_infidelity": 0.013989799877514118
}