{
  "terminal": 7.678225810137107e-05,
  "path": 0.0,
  "ensemble": 7.840485243008948e-05,
  "power_penalty": 0.010763867144637023,
  "neg_penalty": 1.2712262558475452e-05,
  "total": 0.010854984259625586,
  "terminal_eval": 7.678225810137107e-05,
  "runtime_s": 1833.3577793699951,
  "status": "max_iters",
  "objective": "ensemble",
  "terminal_infidelity": 7.678225810137107e-05,
  "path_infidelity": 0.0,
  "ensemble_infidelity": 7.840485243008948e-05
}