{
  "terminal": 0.6241101801669486,
  "path": 0.0,
  "ensemble": 0.549636485617226,
  "power_penalty": 0.08325828257340076,
  "neg_penalty": 393.0159279048744,
  "total": 393.648822673065,
  "terminal_eval": 0.6241101801669486,
  "runtime_s": 260.00439279992133,
  "status": "max_iters",
  "objective": "ensemble",
  "terminal_infidelity": 0.6241101801669486,
  "path_infidelity": 0.0,
  "ensemble_infidelity": 0.549636485617226
}