{
  "terminal": 0.00020450966770579893,
  "path": 0.0,
  "ensemble": 0.00865011273167612,
  "power_penalty": 0.00219105886885396,
  "neg_penalty": 3.28893445000325e-05,
  "total": 0.010874060945030113,
  "terminal_eval": 0.00020450966770579893,
  "runtime_s": 61.668664099881425,
  "status": "time_limit",
  "objective": "ensemble",
  "terminal_infidelity": 0.00020450966770579893,
  "path_infidelity": 0.0,
  "ensemble_infidelity": 0.00865011273167612
}