{
  "terminal": 0.001221538075322659,
  "path": 0.0,
  "ensemble": 0.010945793287344767,
  "power_penalty": 0.05016788492174375,
  "neg_penalty": 5.9805026484737794e-06,
  "total": 0.06111965871173699,
  "terminal_eval": 0.001221538075322659,
  "runtime_s": 62.20188369997777,
  "status": "time_limit",
  "objective": "ensemble",
  "terminal_infidelity": 0.001221538075322659,
  "path_infidelity": 0.0,
  "ensemble_infidelity": 0.010945793287344767
}