{
  "terminal": 3.798684889666504e-05,
  "path": 0.0,
  "ensemble": 0.0004506067043592774,
  "power_penalty": 3.197683292610715e-05,
  "neg_penalty": 3.8003572947435144e-05,
  "total": 0.0005205871102328197,
  "terminal_eval": 3.798684889666504e-05,
  "runtime_s": 2061.796362500987,
  "status": "max_iters",
  "objective": "ensemble",
  "terminal_infidelity": 3.798684889666504e-05,
  "path_infidelity": 0.0,
  "ensemble_infidelity": 0.0004506067043592774
}