{
  "terminal": 8.880714599257544e-06,
  "path": 0.0,
  "ensemble": 0.009892850398689042,
  "power_penalty": 0.0017806501397167793,
  "neg_penalty": 9.169647751382598e-05,
  "total": 0.011765197015919647,
  "terminal_eval": 8.880714599257544e-06,
  "runtime_s": 11.03150014199855,
  "status": "max_iters",
  "objective": "ensemble",
  "terminal_infidelity": 8.880714599257544e-06,
  "path_infidelity": 0.0,
  "ensemble_infidelity": 0.009892850398689042
}