{
  "terminal": 2.6193637161942007e-05,
  "path": 0.0,
  "ensemble": 0.008437780451151346,
  "power_penalty": 0.006643125039860235,
  "neg_penalty": 2.363992940515099e-05,
  "total": 0.015104545420416731,
  "terminal_eval": 2.6193637161942007e-05,
  "runtime_s": 65.62659929995425,
  "status": "max_iters",
  "objective": "ensemble",
  "terminal_infidelity": 2.6193637161942007e-05,
  "path_infidelity": 0.0,
  "ensemble_infidelity": 0.008437780451151346
}