{
  "terminal": 0.0003308860644795075,
  "path": 0.0,
  "ensemble": 0.0023353028800603254,
  "power_penalty": 0.00031623930070000104,
  "neg_penalty": 0.0020035032646417293,
  "total": 0.0046550454454020555,
  "terminal_eval": 0.0003308860644795075,
  "runtime_s": 3603.8118801839955,
  "status": "time_limit",
  "objective": "ensemble",
  "terminal_infidelity": 0.0003308860644795075,
  "path_infidelity": 0.0,
  "ensemble_infidelity": 0.0023353028800603254
}